item_id,parent_id,category,item,manufacturer,part_number,quantity,quantity_unit,quantity_basis,variant,evidence_status,specification,cost_treatment,sources,open_details
R01,RING,assembly,Flexible ring PCBA,Bravechip,BCL603MHV1.23.2,1,assembly,One functional PCBA; quote covers one ring,All current sizes,specified;quoted;CAD,52 x 6.5 mm; 4 layers; double-sided; touch area 18.5 x 5.9 mm,Quoted main-board assembly includes fitted components,"D1 pp1,4,7; B2 C9:C11; M1",Full component-level BOM and fabrication stack
R02,R01,SiP,Processor/radio/power SiP,Bravechip,BCL603S2P,1,device,Singular manufacturer listing; no refdes BOM,All current sizes,specified,LGA34 4 x 6.8 mm; package ground separately numbered35,Included within R01,"D1 p4; D3 pp1,5-7",Internal die/part procurement breakdown
R03,R02,MCU,MCU and Bluetooth radio,Nordic Semiconductor,nRF52840,1,integrated device,Contained inside SiP; not additional external MCU,All current sizes,specified;source,64 MHz Cortex-M4F; internal1MB flash;256KB RAM,Included within R02; never add standalone MCU cost,D1 p4; D3; E1; SW2,Exact SiP internal ordering/die revision
R04,R01,sensor,Capacitive touch/proximity controller,Azoteq,IQS7211E,1,device,Singular datasheet listing,All current sizes,specified;source,I2C; touch/proximity/trackpad;18.5x5.9mm board electrode area;source address literal0x56,Included within R01,D1 p4; E2; SW2,Package and order suffix; electrode layout
R05,R01,sensor,Digital MEMS microphone,STMicroelectronics,MP23DB01HP; manufacturer order code MP23DB01HPTR,1,device,Singular datasheet listing; suffix not confirmed fitted,All current sizes,specified;source,PDM;bottom port;RHLGA5;3.5x2.65x0.98mm;1.23.2 source: mono PDM CLK P0.04/DIN P0.21,Included within R01,D1 p4; E3 pp1-2; E3P; SW2,Exact fitted code; lifecycle/procurement; acoustic membrane
R06,R01,sensor,Six-axis motion IMU,STMicroelectronics,LSM6DSOW (literal factory text); LGA-14P,1,device,Singular datasheet listing,All current sizes,specified;source,LSM6DSO family accelerometer+gyroscope;source address0x6A<<1 (driver convention),Included within R01,D1 p4; E4; SW2,Exact W/order-code reconciliation
R07,R01,memory,External recording NOR flash,GigaDevice,GD25WQ128HQIGR,1,device,Singular datasheet listing,16MB quoted/current module,specified;quoted;source,128Mbit=16MiB raw; SPI NOR; family supports single/dual/quad;SFUD256-byte pages/4KiB erase,Included within R01,D1 p4; E5; B2 C10; SW2,Order suffix/package and usable filesystem capacity
R08,RING,actuator,Haptic motor,,LBM0518A4107F; CAD BREP_0518,1,actuator,One CAD motor per main assembly,Current0518 baseline,specified;CAD;source,0518; manufacturer calls it linear; CAD38.6843mm3;source PWM control,Unallocated within commercial assembly quote; do not invent individual price,D1 pp4-5; M1-M5; SW2,Manufacturer; drive waveform; driver parts; fitted equivalence
R09,RING,battery_selection,Curved LiPo battery,Grepow,Select BAT10/BAT11/BAT12,1,cell,Choose exactly one variant for ring size,Current sizes10-12,quoted;CAD,Curved LiPo; exact electrical ratings not supplied,B2 battery line30RMB for chosen variant; do not add variant rows again,B2 G9:G11; M1-M3,Rated/min capacity; max charge voltage; tolerances; protection
BAT10,R09,battery_variant,Size-specific curved cell,Grepow,GRE170722_10,1,cell,"Alternative variant, selected only for this size",US10,CAD,CAD volume 258.3936mm3; inferred code dimensions1.7x7x22mm are not approved specs,Included in R09 selected-cell cost,M1-M3; M6,Manufacturer datasheet and signed size-specific drawing
BAT11,R09,battery_variant,Size-specific curved cell,Grepow,GRE170724,1,cell,"Alternative variant, selected only for this size",US11,CAD,CAD volume 281.497mm3; inferred code dimensions1.7x7x24mm are not approved specs,Included in R09 selected-cell cost,M1-M3; M6,Manufacturer datasheet and signed size-specific drawing
BAT12,R09,battery_variant,Size-specific curved cell,Grepow,GRE170726,1,cell,"Alternative variant, selected only for this size",US12,CAD,CAD volume 304.5277mm3; inferred code dimensions1.7x7x26mm are not approved specs,Included in R09 selected-cell cost,M1-M3; M6,Manufacturer datasheet and signed size-specific drawing
R10,R01,power_and_clock_group,"Power management, regulation, clock and SiP support",,YHM2712 selected in source; exact package and SiP boundary unconfirmed,,group,SiP integrated functions; selected PMIC driver does not establish extra physical quantity,All current sizes,specified;source,PMIC type2;ID0xA0;YHM2710_* function names;SiP PMIC/LDO/crystal/passives;source external LF XTAL selection,Included functions; do not separately double count PMIC,"D3 pp1,5; SW2",Orderable PMIC/package; internal versus board allocation; regulator and clock part IDs; charge register interpretation
R11,R01,board_support,"External passives, motor drive, sensing and protection",,Unspecified,,group,Not disclosed by assembly-level BOM,All current sizes,unspecified;source,Source battery ADC assumes2Mohm/1Mohm divider; physical refdes/value confirmation and motor-drive schematic remain missing,Included in quoted board/assembly where fitted; allocation unknown,D1; B2; SW2,Values; quantities; refdes; ratings
R12,RING,RF,Antenna and matching,,Unspecified,,set,Functional RF path; topology/count unverified,All current sizes,unspecified,SiP ANT pin; antenna geometry and matching unknown,No individual price provided,D3 p6,Antenna artwork; matching BOM; RF tuning
R13,RING,indicator,Ring LEDs and optical path,,Unspecified,,set,Historical behavior requirements do not prove fitted count,Current assembly pending,historical;unspecified,PRD red/green/white indications; present parts unknown,No individual price provided,H4; H5,Current LED MPN/count; light guide; seal
R14,RING,enclosure,Ceramic outer shell/dome,,Size-specific custom zirconia ceramic,1,shell,One outer-shell CAD solid per ring,US10/11/12,specified;quoted;CAD,Grey matte metal-like finish and antifingerprint per later PO; grade unspecified,B2 shell25RMB; finishing coverage needs confirmation,D1; M1-M3; P1 F10/B35; H4; V1,Grade; coating; texture/color tolerance; released CAD
R15,RING,enclosure,Transparent glossy inner resin liner,,Custom liner/encapsulation,1,formed liner,One liner CAD solid; produced through encapsulation,US10/11/12,specified;CAD,PO transparent glossy resin; factory transparent adhesive,Related to potting25RMB; not an additional quoted liner price,P1 Revision A8; M6,Resin chemistry; skin contact; cure; material quantity
R16,R01,charging,Ring contact carrier and conductive contacts,,CAD COMPOUND005/012/019,1,CAD group,One charge-contact group within each BCL CAD aggregate; pin count unknown,US10/11/12,CAD;specified,Magnetic contact charging; older PRD requests2 pins,Included in BCL CAD volume; commercial allocation unknown,D1 p7; M1-M2; H4,"Released contact/pin count, plating, travel and seal"
R17,RING,charging,Ring-side magnets if fitted,,Unspecified,,set,Magnetic interface does not establish ring magnet count,Current assembly pending,unspecified,No named magnet solid in inspected CAD,No individual price provided,D1 p7; M1,Count; geometry; grade; polarity; adhesive
R18,RING,acoustic,Acoustic membrane/gasket/port sealing,,Unspecified,,set,Acoustic port required; seal BOM not established,Current assembly pending,unspecified,Mic acoustic path through ceramic housing,No individual price provided,D1; M1,Membrane MPN; gasket; adhesion; acoustic loss; ingress results
R19,R15,process_material,Potting/adhesive input and application,,Unspecified,,mass/process,Material mass and dispense amount not listed,All quoted sizes,quoted,Potting/sealing same price across sizes; color matching excluded,B2 E11 25RMB process line; do not add R15 again,B2 E9:E11,Chemistry; application volume; cure; wastage
R20,R14,finish,Shell coating/color/marking process,,Unspecified,,process,Coverage in shell price unresolved,Grey matte reference,specified;unspecified,Antifingerprint per PO; prior CMF requests engraving,No separate quoted charge; coverage must be confirmed,P1 F10/B35; V1,Final finish and marking release
C01,KIT,assembly,Complete standard charging case,Supplier Fitwatch/Feiyang,Small cylindrical standard model,1,case,One quoted optional/companion case per configured kit,Updated cost sheet,quoted,Complete quoted assembly; exact correspondence to BCL701 reference unverified,B2 I11 15RMB; do not add child component costs,B2 I9:I11; P1 E10,Case revision and detailed BOM
C02,C01,PCBA,Charging-case reference module,Bravechip,BCL701MHV1.29.2,1,assembly,One reference module; supplied unit not verified,Reference module V2.0,specified,FR4 30.1x15mm,Included in whole case if this module is supplied,"D2 pp1,5,6",Supplied-case match; refdes; component BOM
C03,C01,battery,Case lithium battery,,MPN unspecified,1,cell,Typical reference design cell,Reference300mAh,specified,300mAh typical; cell dimensions/protection unknown,Included in whole case; no separate price,D2 p4,Manufacturer; chemistry details; charge limits; protection
C04,C01,enclosure,Plastic case housing/lid/insert,,Custom/common-model parts,,set,Plastic housing specified; individual piece count unknown,Requested dark-silver/gunmetal look,specified;quoted,Metallic appearance requested on plastic; process not selected,Case15RMB baseline; premium finish incremental cost unknown,B2 I10; P1 B40,Housing resin; mechanical BOM; coating approval
C05,C01,charging,Case mating contacts/springs,,Unspecified,,set,Magnetic contact interface only,Universal-size intent,specified;unspecified,Factory says case shared across sizes,Included in case; no separate price,D2; M4-M5,Pin count/travel; contact material; alignment
C06,C01,charging,Case magnets and retainers,,Unspecified,,set,Magnetic interface; count unknown,Current case pending,unspecified,Magnetic retention,Included in case if fitted,D2,Grade; polarity; counts; adhesive
C07,C02,connector,Case external power connector,,Unspecified,,connector,Not identified by current module datasheet,Current case pending,unspecified,Do not import older PRD Type-C into current fitted BOM,Included in case if fitted,D2; H4 historical,Actual connector and USB input rating
C08,C02,indicator,Case LEDs and optical parts,,Unspecified,,set,Case state notes refer to indicators; no fitted part count,Current case pending,unspecified,Low-case-battery blue indication mentioned in agenda,Included in case if fitted,T1; T2,MPNs; counts; current state table
C09,C02,electronics,Case charger/control/boost/passives,,Unspecified,,group,No refdes-level listing,Reference BCL701,unspecified,Module3.0-4.3V;30mA ring-charge row;200mA case-charge row,Included in reference PCBA and complete case,D2 p4,Charger/boost ICs; protection; charge settings
P01,KIT,packaging,Retail color box,Sudo-supplied,Custom artwork,1,box,Per-unit pack assumption; PO materials list no per-item quantity,Packaging v1,specified,Light beige outer wrap; nominal76x76mm lid and42mm wall per artwork,Excluded from quoted203RMB,P1 B38; PK1,Final dieline; print/stock; unit price
P02,KIT,packaging,Mailer packaging,Sudo-supplied,Custom mailer,,piece,Per-shipment quantity not specified,Packaging v1,specified,Sudo supplies mailer packaging,Excluded from quoted203RMB,P1 B38,Pack-out quantity; dimensions; material and price
P03,KIT,packaging,Instruction manual,Sudo-supplied,Custom accordion manual,1,manual,Per-unit pack assumption,Packaging v1,specified,65x65mm panels;390x65mm strip;5folds,Excluded from quoted203RMB,P1 B38; PK1,Final print approval and unit price
P04,KIT,packaging_process,Final packing and shrink wrap,Fitwatch/Feiyang,Unspecified,,process,"PO assigns factory process, not material usage",PO working record,specified,Factory handles final packaging and shrink wrap,Incremental price not established,P1 B38,Film spec; packing labor scope and price
H-CABLE,HISTORICAL,accessory,Type-C to two-pin charging cable,,Unspecified,1,cable,April PRD target only; excluded from current assumed packout,April29 PRD,historical,1m plastic/fabric Type-C to2pin ring charger,No current separate price,H4,Confirm if actual kit contains any cable and its configuration
